{
  "model": "/home/drnguyenvinh/Exam-Assistant/Bench_mark/models/qwen3_examassist_merged_4b_rslora_domain_v5",
  "dataset": "test-final_v3.jsonl",
  "num_samples": 430,
  "avg_pred_len_tokens": 16.506976744186048,
  "answerable_samples": 394,
  "unanswerable_samples": 36,
  "overall_em": 20.0,
  "overall_f1": 68.86944644758009,
  "overall_rouge_l": 67.4772522986197,
  "answerable_em": 13.19796954314721,
  "answerable_f1": 66.53264460015086,
  "answerable_rouge_l": 65.01324489443266,
  "answerable_containment": 42.89340101522843,
  "overall_llm_correctness": 88.55813953488372,
  "answerable_llm_correctness": 88.02030456852792,
  "overall_llm_faithfulness": 88.30232558139535,
  "answerable_llm_faithfulness": 87.74111675126903,
  "unanswerable_llm_faithfulness": 94.44444444444444,
  "overall_faithfulness": 89.94323022391443,
  "answerable_faithfulness": 93.6436268941198,
  "unanswerable_faithfulness": 49.44444444444444,
  "overall_context_recall": 94.46327299852135,
  "answerable_context_recall": 93.9573791608228,
  "unanswerable_context_recall": 100.0,
  "false_refusal_rate_answerable": 3.0456852791878175,
  "correct_refusal_rate_unanswerable": 94.44444444444444,
  "hallucination_rate_unanswerable": 5.555555555555555,
  "hallucination_rate_overall": 0.6976744186046512,
  "avg_gold_len_words": 12.565116279069768,
  "avg_pred_len_words": 12.841860465116278,
  "total_inference_time_sec": 12.173980712890625,
  "avg_latency_sec": 0.028311583053234012,
  "throughput_samples_per_sec": 35.32123223627973
}