{
  "model": "/home/drnguyenvinh/Exam-Assistant/Bench_mark/models/qwen3_examassist_merged_4b_rslora_domain_v4",
  "dataset": "test-final_v3.jsonl",
  "num_samples": 430,
  "avg_pred_len_tokens": 16.727906976744187,
  "answerable_samples": 394,
  "unanswerable_samples": 36,
  "overall_em": 19.53488372093023,
  "overall_f1": 69.16382717713013,
  "overall_rouge_l": 67.64289763121819,
  "answerable_em": 12.690355329949238,
  "answerable_f1": 66.85392306133491,
  "answerable_rouge_l": 65.194025333563,
  "answerable_containment": 42.13197969543147,
  "overall_llm_correctness": 88.83720930232558,
  "answerable_llm_correctness": 88.3248730964467,
  "overall_llm_faithfulness": 88.62790697674419,
  "answerable_llm_faithfulness": 88.09644670050763,
  "unanswerable_llm_faithfulness": 94.44444444444444,
  "overall_faithfulness": 89.99425981584766,
  "answerable_faithfulness": 93.69931908836165,
  "unanswerable_faithfulness": 49.44444444444444,
  "overall_context_recall": 94.46327299852135,
  "answerable_context_recall": 93.9573791608228,
  "unanswerable_context_recall": 100.0,
  "false_refusal_rate_answerable": 3.2994923857868024,
  "correct_refusal_rate_unanswerable": 94.44444444444444,
  "hallucination_rate_unanswerable": 5.555555555555555,
  "hallucination_rate_overall": 0.9302325581395349,
  "avg_gold_len_words": 12.565116279069768,
  "avg_pred_len_words": 13.083720930232559,
  "total_inference_time_sec": 12.292078971862793,
  "avg_latency_sec": 0.028586230167122775,
  "throughput_samples_per_sec": 34.981877433776035
}