{
  "model": "/home/drnguyenvinh/Exam-Assistant/Bench_mark/models/qwen3_examassist_merged_4b_rslora_domain_v4",
  "dataset": "data/test-final_v3.jsonl",
  "num_samples": 430,
  "avg_pred_len_tokens": 16.388372093023257,
  "answerable_samples": 394,
  "unanswerable_samples": 36,
  "overall_em": 18.83720930232558,
  "overall_f1": 65.90057056608691,
  "overall_rouge_l": 64.41201531079744,
  "answerable_em": 12.18274111675127,
  "answerable_f1": 63.54630797821669,
  "answerable_rouge_l": 61.921742598078445,
  "answerable_containment": 40.86294416243655,
  "overall_llm_correctness": 87.97674418604652,
  "answerable_llm_correctness": 87.38578680203047,
  "overall_llm_faithfulness": 87.55813953488372,
  "answerable_llm_faithfulness": 86.92893401015228,
  "unanswerable_llm_faithfulness": 94.44444444444444,
  "overall_faithfulness": 88.75910216102083,
  "answerable_faithfulness": 92.41898628402443,
  "unanswerable_faithfulness": 48.70370370370371,
  "overall_context_recall": 94.46327299852135,
  "answerable_context_recall": 93.9573791608228,
  "unanswerable_context_recall": 100.0,
  "false_refusal_rate_answerable": 2.284263959390863,
  "correct_refusal_rate_unanswerable": 91.66666666666666,
  "hallucination_rate_unanswerable": 5.555555555555555,
  "hallucination_rate_overall": 0.9302325581395349,
  "avg_gold_len_words": 12.565116279069768,
  "avg_pred_len_words": 12.769767441860465,
  "total_inference_time_sec": 12.102556705474854,
  "avg_latency_sec": 0.028145480710406637,
  "throughput_samples_per_sec": 35.52968273269732
}