{
  "model": "/home/drnguyenvinh/Exam-Assistant/Bench_mark/models/qwen3_examassist_merged_4b_rslora_domain_v3",
  "judge_model": "/home/drnguyenvinh/Exam-Assistant/Bench_mark/models/Qwen3-8B",
  "dataset": "data/test-final_v3.jsonl",
  "num_samples": 430,
  "avg_pred_len_tokens": 16.71395348837209,
  "answerable_samples": 394,
  "unanswerable_samples": 36,
  "overall_em": 19.302325581395348,
  "overall_f1": 67.24977401442149,
  "overall_rouge_l": 65.9590074387468,
  "answerable_em": 12.690355329949238,
  "answerable_f1": 65.01878889898792,
  "answerable_rouge_l": 63.61008426056123,
  "answerable_containment": 42.38578680203046,
  "overall_llm_faithfulness": 87.44186046511628,
  "answerable_llm_faithfulness": 87.05583756345177,
  "unanswerable_llm_faithfulness": 91.66666666666666,
  "overall_faithfulness": 89.68312116707308,
  "answerable_faithfulness": 93.43589365949599,
  "unanswerable_faithfulness": 48.61111111111111,
  "overall_context_recall": 94.46327299852135,
  "answerable_context_recall": 93.9573791608228,
  "unanswerable_context_recall": 100.0,
  "false_refusal_rate_answerable": 2.030456852791878,
  "correct_refusal_rate_unanswerable": 91.66666666666666,
  "hallucination_rate_unanswerable": 5.555555555555555,
  "hallucination_rate_overall": 1.3953488372093024,
  "avg_gold_len_words": 12.565116279069768,
  "avg_pred_len_words": 13.046511627906977,
  "total_inference_time_sec": 12.328094244003296,
  "avg_latency_sec": 0.028669986613961154,
  "throughput_samples_per_sec": 34.87968144055705
}