{
  "model": "/home/drnguyenvinh/Exam-Assistant/Bench_mark/models/Qwen3-VL-4B-Instruct",
  "dataset": "test-final_v3.jsonl",
  "num_samples": 430,
  "avg_pred_len_tokens": 29.42325581395349,
  "answerable_samples": 394,
  "unanswerable_samples": 36,
  "overall_em": 14.418604651162791,
  "overall_f1": 63.87105242937936,
  "overall_rouge_l": 61.79556600936983,
  "answerable_em": 9.137055837563452,
  "answerable_f1": 63.10800138231756,
  "answerable_rouge_l": 60.84287660921074,
  "answerable_containment": 34.51776649746193,
  "overall_llm_correctness": 91.81395348837209,
  "answerable_llm_correctness": 93.22335025380711,
  "overall_llm_faithfulness": 91.13953488372093,
  "answerable_llm_faithfulness": 92.48730964467005,
  "unanswerable_llm_faithfulness": 76.38888888888889,
  "overall_faithfulness": 90.67983170886839,
  "answerable_faithfulness": 93.68867148709845,
  "unanswerable_faithfulness": 57.74975191379479,
  "overall_context_recall": 94.46327299852135,
  "answerable_context_recall": 93.9573791608228,
  "unanswerable_context_recall": 100.0,
  "false_refusal_rate_answerable": 0.7614213197969544,
  "correct_refusal_rate_unanswerable": 72.22222222222221,
  "hallucination_rate_unanswerable": 22.22222222222222,
  "hallucination_rate_overall": 2.3255813953488373,
  "avg_gold_len_words": 12.565116279069768,
  "avg_pred_len_words": 22.94418604651163,
  "total_inference_time_sec": 20.790313959121704,
  "avg_latency_sec": 0.04834956734679466,
  "throughput_samples_per_sec": 20.68270834415843
}