{
  "model": "/home/drnguyenvinh/Exam-Assistant/Bench_mark/models/qwen3_examassist_merged_4b_qlora_domain",
  "dataset": "test-final_v3.jsonl",
  "num_samples": 430,
  "avg_pred_len_tokens": 11.474418604651163,
  "answerable_samples": 394,
  "unanswerable_samples": 36,
  "overall_em": 18.13953488372093,
  "overall_f1": 61.446356607180434,
  "overall_rouge_l": 60.64318678481323,
  "answerable_em": 11.421319796954315,
  "answerable_f1": 58.685110002760354,
  "answerable_rouge_l": 57.808554105253016,
  "answerable_containment": 36.54822335025381,
  "overall_llm_correctness": 86.5813953488372,
  "answerable_llm_correctness": 86.11675126903555,
  "overall_llm_faithfulness": 86.34883720930233,
  "answerable_llm_faithfulness": 85.86294416243655,
  "unanswerable_llm_faithfulness": 91.66666666666666,
  "overall_faithfulness": 87.93589436432696,
  "answerable_faithfulness": 91.48249046529759,
  "unanswerable_faithfulness": 49.12037037037036,
  "overall_context_recall": 94.46327299852135,
  "answerable_context_recall": 93.9573791608228,
  "unanswerable_context_recall": 100.0,
  "false_refusal_rate_answerable": 1.7766497461928936,
  "correct_refusal_rate_unanswerable": 91.66666666666666,
  "hallucination_rate_unanswerable": 8.333333333333332,
  "hallucination_rate_overall": 1.1627906976744187,
  "avg_gold_len_words": 12.565116279069768,
  "avg_pred_len_words": 8.565116279069768,
  "total_inference_time_sec": 9.07948088645935,
  "avg_latency_sec": 0.021115071828975235,
  "throughput_samples_per_sec": 47.35953579034225
}