{
  "model": "/home/drnguyenvinh/Exam-Assistant/Bench_mark/models/qwen3_examassist_merged_4b_rslora_domain_v3",
  "dataset": "test-final_v3.jsonl",
  "num_samples": 430,
  "avg_pred_len_tokens": 16.623255813953488,
  "answerable_samples": 394,
  "unanswerable_samples": 36,
  "overall_em": 19.767441860465116,
  "overall_f1": 69.95798696344647,
  "overall_rouge_l": 68.58958491202914,
  "answerable_em": 12.944162436548224,
  "answerable_f1": 67.72064567076646,
  "answerable_rouge_l": 66.22721195982874,
  "answerable_containment": 44.923857868020306,
  "overall_llm_correctness": 88.0232558139535,
  "answerable_llm_correctness": 87.43654822335026,
  "overall_llm_faithfulness": 87.79069767441861,
  "answerable_llm_faithfulness": 87.18274111675127,
  "unanswerable_llm_faithfulness": 94.44444444444444,
  "overall_faithfulness": 90.03741665703636,
  "answerable_faithfulness": 93.87332274752698,
  "unanswerable_faithfulness": 48.05555555555556,
  "overall_context_recall": 94.46327299852135,
  "answerable_context_recall": 93.9573791608228,
  "unanswerable_context_recall": 100.0,
  "false_refusal_rate_answerable": 3.2994923857868024,
  "correct_refusal_rate_unanswerable": 94.44444444444444,
  "hallucination_rate_unanswerable": 5.555555555555555,
  "hallucination_rate_overall": 0.9302325581395349,
  "avg_gold_len_words": 12.565116279069768,
  "avg_pred_len_words": 12.962790697674418,
  "total_inference_time_sec": 12.21390151977539,
  "avg_latency_sec": 0.028404422139012536,
  "throughput_samples_per_sec": 35.20578574371112
}