{
  "model": "/home/drnguyenvinh/Exam-Assistant/Bench_mark/models/qwen3_examassist_merged_4b_qlora_domain",
  "judge_model": "/home/drnguyenvinh/Exam-Assistant/Bench_mark/models/Qwen3-8B",
  "dataset": "data/test-final_v3.jsonl",
  "num_samples": 430,
  "avg_pred_len_tokens": 11.474418604651163,
  "answerable_samples": 394,
  "unanswerable_samples": 36,
  "overall_em": 17.906976744186046,
  "overall_f1": 61.21379846764554,
  "overall_rouge_l": 60.41062864527835,
  "answerable_em": 11.421319796954315,
  "answerable_f1": 58.685110002760354,
  "answerable_rouge_l": 57.808554105253016,
  "answerable_containment": 36.54822335025381,
  "overall_llm_faithfulness": 85.9767441860465,
  "answerable_llm_faithfulness": 85.71065989847716,
  "unanswerable_llm_faithfulness": 88.88888888888889,
  "overall_faithfulness": 87.93589436432696,
  "answerable_faithfulness": 91.48249046529759,
  "unanswerable_faithfulness": 49.12037037037036,
  "overall_context_recall": 94.46327299852135,
  "answerable_context_recall": 93.9573791608228,
  "unanswerable_context_recall": 100.0,
  "false_refusal_rate_answerable": 1.015228426395939,
  "correct_refusal_rate_unanswerable": 88.88888888888889,
  "hallucination_rate_unanswerable": 5.555555555555555,
  "hallucination_rate_overall": 1.627906976744186,
  "avg_gold_len_words": 12.565116279069768,
  "avg_pred_len_words": 8.565116279069768,
  "total_inference_time_sec": 9.09447193145752,
  "avg_latency_sec": 0.02114993472431981,
  "throughput_samples_per_sec": 47.281469802841684
}