{
  "model": "/home/drnguyenvinh/Exam-Assistant/Bench_mark/models/Qwen3-VL-4B-Instruct",
  "judge_model": "/home/drnguyenvinh/Exam-Assistant/Bench_mark/models/Qwen3-8B",
  "dataset": "data/test-final_v3.jsonl",
  "num_samples": 430,
  "avg_pred_len_tokens": 29.42325581395349,
  "answerable_samples": 394,
  "unanswerable_samples": 36,
  "overall_em": 13.488372093023257,
  "overall_f1": 62.940819871239825,
  "overall_rouge_l": 60.8653334512303,
  "answerable_em": 9.137055837563452,
  "answerable_f1": 63.10800138231756,
  "answerable_rouge_l": 60.84287660921074,
  "answerable_containment": 34.51776649746193,
  "overall_llm_faithfulness": 82.55813953488372,
  "answerable_llm_faithfulness": 84.51776649746193,
  "unanswerable_llm_faithfulness": 61.111111111111114,
  "overall_faithfulness": 90.67983170886839,
  "answerable_faithfulness": 93.68867148709845,
  "unanswerable_faithfulness": 57.74975191379479,
  "overall_context_recall": 94.46327299852135,
  "answerable_context_recall": 93.9573791608228,
  "unanswerable_context_recall": 100.0,
  "false_refusal_rate_answerable": 0.5076142131979695,
  "correct_refusal_rate_unanswerable": 61.111111111111114,
  "hallucination_rate_unanswerable": 22.22222222222222,
  "hallucination_rate_overall": 4.651162790697675,
  "avg_gold_len_words": 12.565116279069768,
  "avg_pred_len_words": 22.94418604651163,
  "total_inference_time_sec": 20.76786160469055,
  "avg_latency_sec": 0.0482973525690478,
  "throughput_samples_per_sec": 20.705068638500645
}