{
  "model": "/home/drnguyenvinh/Exam-Assistant/Bench_mark/models/qwen3_examassist_merged_4b_rslora_domain_v5",
  "dataset": "data/test-final_v3.jsonl",
  "num_samples": 430,
  "avg_pred_len_tokens": 16.409302325581397,
  "answerable_samples": 394,
  "unanswerable_samples": 36,
  "overall_em": 18.83720930232558,
  "overall_f1": 66.32472362383723,
  "overall_rouge_l": 65.15519815196646,
  "answerable_em": 11.928934010152284,
  "answerable_f1": 63.75540903109139,
  "answerable_rouge_l": 62.47902336382125,
  "answerable_containment": 40.35532994923858,
  "overall_llm_correctness": 88.0232558139535,
  "answerable_llm_correctness": 87.43654822335026,
  "overall_llm_faithfulness": 87.65116279069767,
  "answerable_llm_faithfulness": 87.03045685279187,
  "unanswerable_llm_faithfulness": 94.44444444444444,
  "overall_faithfulness": 89.34227337463881,
  "answerable_faithfulness": 93.06390241394591,
  "unanswerable_faithfulness": 48.61111111111111,
  "overall_context_recall": 94.46327299852135,
  "answerable_context_recall": 93.9573791608228,
  "unanswerable_context_recall": 100.0,
  "false_refusal_rate_answerable": 3.0456852791878175,
  "correct_refusal_rate_unanswerable": 94.44444444444444,
  "hallucination_rate_unanswerable": 5.555555555555555,
  "hallucination_rate_overall": 1.1627906976744187,
  "avg_gold_len_words": 12.565116279069768,
  "avg_pred_len_words": 12.80232558139535,
  "total_inference_time_sec": 12.133201122283936,
  "avg_latency_sec": 0.028216746796009152,
  "throughput_samples_per_sec": 35.43994661147243
}